{"hidden_size": 160, "num_layers": 1, "learning_rate": 0.009628567875222536, "batch_size": 32, "window_size": 7, "dropout": 0.30000000000000004}